扁霖斥岿,堡开瘤磊眉,墨抛绊府吝盒幅疙,堡开瘤磊眉 八祸扒荐,堡开瘤磊眉 傈斥档 八祸扒荐
202401,面没合档,傈眉,915745,853451
202402,面没合档,傈眉,962601,954844
202403,面没合档,傈眉,1259805,1159276
202404,面没合档,傈眉,1414930,1301871
202405,面没合档,傈眉,1629923,1352378
202406,面没合档,傈眉,1661092,1336155
202407,面没合档,傈眉,1812862,1258852
202408,面没合档,傈眉,2063235,1470864
202409,面没合档,傈眉,1758858,1420244
202410,面没合档,傈眉,1943665,1677573
202401,面没合档,扁鸥包堡,177536,170190
202401,面没合档,巩拳包堡,69402,67175
202401,面没合档,碱俏,59607,61091
202401,面没合档,槛冠,97815,90725
202401,面没合档,澜侥,410996,372873
202401,面没合档,开荤包堡,21896,22534
202401,面没合档,磊楷包堡,24204,25907
202401,面没合档,眉氰包堡,9490,10209
202401,面没合档,饭历胶器明,44799,32747
202402,面没合档,扁鸥包堡,182777,170104
202402,面没合档,巩拳包堡,76715,75790
202402,面没合档,碱俏,61260,60496
202402,面没合档,槛冠,98962,99843
202402,面没合档,澜侥,407331,405254
202402,面没合档,饭历胶器明,68419,80151
202402,面没合档,开荤包堡,27201,23915
202402,面没合档,磊楷包堡,29437,29225
202402,面没合档,眉氰包堡,10499,10066
202403,面没合档,扁鸥包堡,211735,193942
202403,面没合档,巩拳包堡,108826,93558
202403,面没合档,碱俏,69713,65469
202403,面没合档,槛冠,122318,109036
202403,面没合档,澜侥,519325,468154
202403,面没合档,开荤包堡,34603,31976
202403,面没合档,磊楷包堡,38101,36126
202403,面没合档,眉氰包堡,14040,13104
202403,面没合档,饭历胶器明,141144,147911
202404,面没合档,扁鸥包堡,245161,213314
202404,面没合档,巩拳包堡,133614,108455
202404,面没合档,碱俏,69185,71071
202404,面没合档,槛冠,140828,146970
202404,面没合档,澜侥,531872,514183
202404,面没合档,饭历胶器明,181205,164073
202404,面没合档,开荤包堡,51624,42643
202404,面没合档,磊楷包堡,49939,29246
202404,面没合档,眉氰包堡,11502,11916
202405,面没合档,扁鸥包堡,269103,214859
202405,面没合档,巩拳包堡,149008,104325
202405,面没合档,碱俏,78433,74749
202405,面没合档,槛冠,167119,156355
202405,面没合档,澜侥,611047,543207
202405,面没合档,饭历胶器明,208270,173427
202405,面没合档,开荤包堡,75024,45147
202405,面没合档,磊楷包堡,60823,30315
202405,面没合档,眉氰包堡,11096,9994
202406,面没合档,扁鸥包堡,238735,207204
202406,面没合档,巩拳包堡,130001,103969
202406,面没合档,碱俏,71801,68925
202406,面没合档,槛冠,176032,162101
202406,面没合档,澜侥,723400,536878
202406,面没合档,饭历胶器明,196701,173766
202406,面没合档,开荤包堡,52744,36356
202406,面没合档,磊楷包堡,62307,37899
202406,面没合档,眉氰包堡,9371,9057
202407,面没合档,扁鸥包堡,207418,197499
202407,面没合档,巩拳包堡,108987,87961
202407,面没合档,碱俏,66047,66163
202407,面没合档,槛冠,164695,161078
202407,面没合档,澜侥,1007741,534301
202407,面没合档,饭历胶器明,159386,142164
202407,面没合档,开荤包堡,31138,24936
202407,面没合档,磊楷包堡,59489,36868
202407,面没合档,眉氰包堡,7961,7882
202408,面没合档,扁鸥包堡,239740,218167
202408,面没合档,巩拳包堡,136753,118161
202408,面没合档,碱俏,79601,74996
202408,面没合档,槛冠,228328,201632
202408,面没合档,澜侥,1036629,592306
202408,面没合档,饭历胶器明,178992,158742
202408,面没合档,开荤包堡,40994,33165
202408,面没合档,磊楷包堡,111691,64339
202408,面没合档,眉氰包堡,10507,9356
202409,面没合档,扁鸥包堡,228452,240336
202409,面没合档,巩拳包堡,118278,123936
202409,面没合档,碱俏,76704,76969
202409,面没合档,槛冠,150202,153799
202409,面没合档,澜侥,893939,535877
202409,面没合档,开荤包堡,44488,41098
202409,面没合档,磊楷包堡,56283,60457
202409,面没合档,眉氰包堡,9394,10239
202409,面没合档,饭历胶器明,181118,177533
202410,面没合档,扁鸥包堡,265355,288641
202410,面没合档,巩拳包堡,167802,182712
202410,面没合档,碱俏,81836,85305
202410,面没合档,槛冠,177234,180402
202410,面没合档,澜侥,895217,566929
202410,面没合档,开荤包堡,71468,73534
202410,面没合档,磊楷包堡,66693,85630
202410,面没合档,眉氰包堡,11531,12186
202410,面没合档,饭历胶器明,206529,202234
